{
    "left": 0.4666666666666667,
    "center": 0.5333333333333333,
    "right": 0.6
}